review_id,customer_id,album_id,rating,review_text,created_at
004d8d3c-f65f-462a-a3da-32e25f38158c,7d75c15f-4bd1-42b3-8bfd-9f0a83479323,f91028df-0494-4092-9248-5194651be8bd,5,"A perfect addition to my collection. This edition of Kind of Blue by Miles Davis delivers an exceptional listening experience. The depth and clarity of the sound are remarkable. The vinyl was spotless and played silently straight out of the sleeve. The jacket art is vibrant, and the inner sleeve is anti-static. Fast, secure delivery. Every aspect exceeded my expectations.",2025-12-31 02:58:04.264162+00
01268571-d6cf-4351-9ae8-96501cb6f2ed,ce618a6b-35db-4f53-a977-ea30224fea58,0ecb05b7-2eef-4e90-ac8f-a8c4e47866b6,1,"Received the wrong album entirely, and the one I got was warped beyond playability. This was supposed to be Waltz for Debby by Bill Evans Trio. How can such a mistake happen? The quality control is non-existent. This is a fraudulent transaction. Extremely disappointed and will not be ordering again.",2025-12-31 02:58:04.264162+00
015fabff-592b-4f51-9789-3c202312a891,d70547a1-586c-4e08-b632-3702a4c63614,cfc1875b-4247-4680-9c2d-dfa51b4e787a,1,"Beyond furious. The vinyl for Dave Brubeck Quartet's Time Out arrived shattered into pieces, despite the 'fragile' label. Clearly, packaging was non-existent. This is a complete waste of my money and time. I cannot believe the lack of care. This is the worst online vinyl purchase I've ever made.",2025-12-31 02:58:04.264162+00
022f618b-06c6-4770-a1be-2e3aef05641d,4870ae2e-1065-4982-b116-a727898987e6,66c16aa0-6f0e-429b-8232-6f05814b982d,2,"Absolutely terrible pressing of Herbie Hancock's Maiden Voyage. The sound is muffled and distorted, and there are deep scratches that cause skips on multiple tracks. The packaging was insufficient, and the record slipped out of the jacket during transit, causing further damage. This is a disgrace to a classic album. Immediate return.",2025-12-31 02:58:04.264162+00
0232dcc9-e6de-44d2-9c24-e3cde2f4e623,d70547a1-586c-4e08-b632-3702a4c63614,66c16aa0-6f0e-429b-8232-6f05814b982d,4,"Mostly impressed with this vinyl. The sound on Herbie Hancock's Maiden Voyage is full and engaging. The record was clean, but the outer sleeve felt a bit flimsy compared to other premium pressings. Delivery was efficient. It's a great listen, just a few small details keep it from being truly exceptional.",2025-12-31 02:58:04.264162+00
0278a6bc-6030-4a7f-9da1-991dd9cc2034,00c4c355-ed1a-43fb-8ae3-2052e5f95418,1de8844d-d27c-4ca7-a3de-10173bd70174,4,"Great album, Saxophone Colossus by Sonny Rollins, and a very good pressing overall. The sound quality is mostly excellent, though I noticed a tiny bit of surface noise on one track. The vinyl itself is flat and the packaging was sturdy. It arrived quickly and in good shape. Almost perfect, just a minor quibble with the occasional crackle. Still, a strong recommend.",2025-12-31 02:58:04.264162+00
0352e10d-f084-4b3c-8659-12313182efca,e9368dcf-6a85-4c63-9967-2af56d151dee,cd472aa7-cc1d-4163-a661-3b32d749a0c8,2,"What a letdown. I was so excited for Ella and Louis by Ella Fitzgerald & Louis Armstrong, but this vinyl is unlistenable. It's heavily dished, and the sound is plagued with non-fill defects and static. The cover art was faded, almost like a bad photocopy. This record should never have passed quality control. Completely unacceptable.",2025-12-31 02:58:04.264162+00
03c7f463-c382-4537-9395-e42b9eafa3ca,aeb8127f-d03a-46d7-af63-62c1fef91893,6a5c3554-9eac-43af-8123-ab9e00c76b2a,5,"Simply magnificent! The sound quality on this pressing of A Love Supreme by John Coltrane is breathtaking. Every note is clear and vibrant. The record was immaculately clean and perfectly flat. The album jacket is thick and robust, a sign of quality. Delivery was prompt and the item was expertly protected. An essential purchase for any serious jazz enthusiast.",2025-12-31 02:58:04.264162+00
051140a6-8a4b-43cf-8a99-b8f48224f18f,aee27bf1-8f41-49ba-86bf-e205251fffab,d12cf78f-9259-4379-b323-a0714f39b511,5,"Simply magnificent! The sound quality on this pressing of Brilliant Corners by Thelonious Monk is breathtaking. Every note is clear and vibrant. The record was immaculately clean and perfectly flat. The album jacket is thick and robust, a sign of quality. Delivery was prompt and the item was expertly protected. An essential purchase for any serious jazz enthusiast.",2025-12-31 02:58:04.264162+00
0532541c-5fd7-4ba2-83d2-49d2f155b037,aeb8127f-d03a-46d7-af63-62c1fef91893,6a5c3554-9eac-43af-8123-ab9e00c76b2a,5,"Simply magnificent! The sound quality on this pressing of A Love Supreme by John Coltrane is breathtaking. Every note is clear and vibrant. The record was immaculately clean and perfectly flat. The album jacket is thick and robust, a sign of quality. Delivery was prompt and the item was expertly protected. An essential purchase for any serious jazz enthusiast.",2025-12-31 02:58:04.264162+00
054b81e3-5d2a-44a6-bedb-e6f33083015c,e9368dcf-6a85-4c63-9967-2af56d151dee,cd472aa7-cc1d-4163-a661-3b32d749a0c8,4,"Great album, Ella and Louis by Ella Fitzgerald & Louis Armstrong, and a very good pressing overall. The sound quality is mostly excellent, though I noticed a tiny bit of surface noise on one track. The vinyl itself is flat and the packaging was sturdy. It arrived quickly and in good shape. Almost perfect, just a minor quibble with the occasional crackle. Still, a strong recommend.",2025-12-31 02:58:04.264162+00
08af3eba-dcec-40f4-9680-139cfca3924c,4870ae2e-1065-4982-b116-a727898987e6,0ecb05b7-2eef-4e90-ac8f-a8c4e47866b6,4,"Great album, Waltz for Debby by Bill Evans Trio, and a very good pressing overall. The sound quality is mostly excellent, though I noticed a tiny bit of surface noise on one track. The vinyl itself is flat and the packaging was sturdy. It arrived quickly and in good shape. Almost perfect, just a minor quibble with the occasional crackle. Still, a strong recommend.",2025-12-31 02:58:04.264162+00
093624e6-1da3-44ca-8a18-6e33de205b49,d70547a1-586c-4e08-b632-3702a4c63614,cfc1875b-4247-4680-9c2d-dfa51b4e787a,5,"This is the definitive version of Time Out by Dave Brubeck Quartet. The soundstage is expansive, and instruments are beautifully separated. Zero surface noise on my copy. It arrived double-boxed and protected, with the jacket in mint condition. Truly a premium product and worth every penny. If you're looking for a top-tier pressing, this is it.",2025-12-31 02:58:04.264162+00
0ade0f24-d7bc-4e77-9719-b35561b245c6,00c4c355-ed1a-43fb-8ae3-2052e5f95418,cfc1875b-4247-4680-9c2d-dfa51b4e787a,3,"While I love Dave Brubeck Quartet's Time Out, this vinyl release is a bit disappointing. The sound is okay, but lacks the crispness I expect. There are several pops and clicks, even after cleaning. The packaging was minimal, and the record sleeve was a plain paper one. It's listenable, but definitely not a standout pressing.",2025-12-31 02:58:04.264162+00
0b6cde8f-c747-43bf-9b87-9e6e16bc1c3f,7d75c15f-4bd1-42b3-8bfd-9f0a83479323,f91028df-0494-4092-9248-5194651be8bd,5,"Simply magnificent! The sound quality on this pressing of Kind of Blue by Miles Davis is breathtaking. Every note is clear and vibrant. The record was immaculately clean and perfectly flat. The album jacket is thick and robust, a sign of quality. Delivery was prompt and the item was expertly protected. An essential purchase for any serious jazz enthusiast.",2025-12-31 02:58:04.264162+00
0c97b08d-2d4c-4328-86aa-7081c7a69eab,4870ae2e-1065-4982-b116-a727898987e6,66c16aa0-6f0e-429b-8232-6f05814b982d,5,"Five stars aren't enough for this masterpiece! Herbie Hancock's Maiden Voyage sounds incredible on this vinyl. The mastering is superb, bringing out every nuance. The record itself is flawlessly pressed, no pops or crackles. Packaging was robust, protecting the gatefold sleeve beautifully. It arrived ahead of schedule, making the whole experience perfect. Couldn't be happier with this purchase!",2025-12-31 02:58:04.264162+00
11e3a241-79c1-4cb9-a85b-04019b3c40d7,aee27bf1-8f41-49ba-86bf-e205251fffab,d12cf78f-9259-4379-b323-a0714f39b511,5,"Five stars aren't enough for this masterpiece! Thelonious Monk's Brilliant Corners sounds incredible on this vinyl. The mastering is superb, bringing out every nuance. The record itself is flawlessly pressed, no pops or crackles. Packaging was robust, protecting the gatefold sleeve beautifully. It arrived ahead of schedule, making the whole experience perfect. Couldn't be happier with this purchase!",2025-12-31 02:58:04.264162+00
184f36e2-fa1c-48a9-a5ce-50b0a979bcd9,e9368dcf-6a85-4c63-9967-2af56d151dee,d12cf78f-9259-4379-b323-a0714f39b511,5,"This is the definitive version of Brilliant Corners by Thelonious Monk. The soundstage is expansive, and instruments are beautifully separated. Zero surface noise on my copy. It arrived double-boxed and protected, with the jacket in mint condition. Truly a premium product and worth every penny. If you're looking for a top-tier pressing, this is it.",2025-12-31 02:58:04.264162+00
197a7974-11bd-4cee-88cb-f3b026cae792,ce618a6b-35db-4f53-a977-ea30224fea58,0ecb05b7-2eef-4e90-ac8f-a8c4e47866b6,2,"Absolutely terrible pressing of Bill Evans Trio's Waltz for Debby. The sound is muffled and distorted, and there are deep scratches that cause skips on multiple tracks. The packaging was insufficient, and the record slipped out of the jacket during transit, causing further damage. This is a disgrace to a classic album. Immediate return.",2025-12-31 02:58:04.264162+00
1aabcf23-9ffd-4a31-8a4f-e890c5ecdf6a,e9d3de16-4ead-4d18-93d1-2036e32c6bde,1305a889-18be-4ca1-a445-ecf38cd0bc71,3,"Three stars for Ah Um by Charles Mingus. The album itself is a classic, but this vinyl version is pretty standard. Some surface noise, and the sound isn't as warm as I'd hoped. The packaging was basic, and the record was a little dusty. It plays, but it's not the immersive experience I seek from vinyl. Value for money is questionable.",2025-12-31 02:58:04.264162+00
1bed753e-3bf1-4f9d-b350-1a3f9d90248d,aee27bf1-8f41-49ba-86bf-e205251fffab,d12cf78f-9259-4379-b323-a0714f39b511,4,"Mostly impressed with this vinyl. The sound on Thelonious Monk's Brilliant Corners is full and engaging. The record was clean, but the outer sleeve felt a bit flimsy compared to other premium pressings. Delivery was efficient. It's a great listen, just a few small details keep it from being truly exceptional.",2025-12-31 02:58:04.264162+00
1d4e6bf0-3b88-4522-936b-0455d94e8b8c,00c4c355-ed1a-43fb-8ae3-2052e5f95418,1de8844d-d27c-4ca7-a3de-10173bd70174,4,"Mostly impressed with this vinyl. The sound on Sonny Rollins's Saxophone Colossus is full and engaging. The record was clean, but the outer sleeve felt a bit flimsy compared to other premium pressings. Delivery was efficient. It's a great listen, just a few small details keep it from being truly exceptional.",2025-12-31 02:58:04.264162+00
20f931ef-7c3a-4d95-b785-08e9031d21dc,e9d3de16-4ead-4d18-93d1-2036e32c6bde,66c16aa0-6f0e-429b-8232-6f05814b982d,5,"An absolute gem! Herbie Hancock's Maiden Voyage never sounded better. The vinyl is heavy, flat, and quiet, providing an immersive sonic experience. The packaging was top-notch, ensuring the album arrived in perfect condition. Delivery was swift. This is how vinyl should be presented and heard. A flawless transaction and an incredible record.",2025-12-31 02:58:04.264162+00
211e8423-6b3e-46ba-8f13-9b51f3af0785,7d75c15f-4bd1-42b3-8bfd-9f0a83479323,c58ab2f6-e7db-4263-a3c9-10ed52d8c815,3,"Three stars for Moanin' by Art Blakey & The Jazz Messengers. The album itself is a classic, but this vinyl version is pretty standard. Some surface noise, and the sound isn't as warm as I'd hoped. The packaging was basic, and the record was a little dusty. It plays, but it's not the immersive experience I seek from vinyl. Value for money is questionable.",2025-12-31 02:58:04.264162+00
22183f87-7536-4d7a-b60a-f6f4c577d945,aee27bf1-8f41-49ba-86bf-e205251fffab,d12cf78f-9259-4379-b323-a0714f39b511,3,"While I love Thelonious Monk's Brilliant Corners, this vinyl release is a bit disappointing. The sound is okay, but lacks the crispness I expect. There are several pops and clicks, even after cleaning. The packaging was minimal, and the record sleeve was a plain paper one. It's listenable, but definitely not a standout pressing.",2025-12-31 02:58:04.264162+00
229f0c7b-ebf5-4c51-bf38-f71c54c6fcab,e9d3de16-4ead-4d18-93d1-2036e32c6bde,1305a889-18be-4ca1-a445-ecf38cd0bc71,5,"Absolutely stunning! This pressing of Ah Um by Charles Mingus is phenomenal. The sound quality is pristine, rich, and dynamic. The vinyl arrived perfectly flat and clean, housed in a sturdy, high-quality jacket. Shipping was incredibly fast and the album was very well-packaged to prevent any damage. A true audiophile's dream and a must-have for any jazz collection. Highly recommended!",2025-12-31 02:58:04.264162+00
239acd26-24b2-4ae2-b721-ca7346e9110f,00c4c355-ed1a-43fb-8ae3-2052e5f95418,1de8844d-d27c-4ca7-a3de-10173bd70174,5,"Absolutely stunning! This pressing of Saxophone Colossus by Sonny Rollins is phenomenal. The sound quality is pristine, rich, and dynamic. The vinyl arrived perfectly flat and clean, housed in a sturdy, high-quality jacket. Shipping was incredibly fast and the album was very well-packaged to prevent any damage. A true audiophile's dream and a must-have for any jazz collection. Highly recommended!",2025-12-31 02:58:04.264162+00
24486dbd-edad-4801-8647-21862b8295a0,4870ae2e-1065-4982-b116-a727898987e6,66c16aa0-6f0e-429b-8232-6f05814b982d,5,"Simply magnificent! The sound quality on this pressing of Maiden Voyage by Herbie Hancock is breathtaking. Every note is clear and vibrant. The record was immaculately clean and perfectly flat. The album jacket is thick and robust, a sign of quality. Delivery was prompt and the item was expertly protected. An essential purchase for any serious jazz enthusiast.",2025-12-31 02:58:04.264162+00
28ae4b55-0f56-4685-9a61-6c2422d2189d,7d75c15f-4bd1-42b3-8bfd-9f0a83479323,f91028df-0494-4092-9248-5194651be8bd,4,"Mostly impressed with this vinyl. The sound on Miles Davis's Kind of Blue is full and engaging. The record was clean, but the outer sleeve felt a bit flimsy compared to other premium pressings. Delivery was efficient. It's a great listen, just a few small details keep it from being truly exceptional.",2025-12-31 02:58:04.264162+00
294b1d1d-231f-48e0-bedf-2d22bd870f50,4babe54a-8b62-49ee-b619-00c093744ad4,cfc1875b-4247-4680-9c2d-dfa51b4e787a,4,"Great album, Time Out by Dave Brubeck Quartet, and a very good pressing overall. The sound quality is mostly excellent, though I noticed a tiny bit of surface noise on one track. The vinyl itself is flat and the packaging was sturdy. It arrived quickly and in good shape. Almost perfect, just a minor quibble with the occasional crackle. Still, a strong recommend.",2025-12-31 02:58:04.264162+00
29b806d6-56bb-42aa-90e3-a765d77f166b,ce618a6b-35db-4f53-a977-ea30224fea58,0ecb05b7-2eef-4e90-ac8f-a8c4e47866b6,2,"This pressing of Bill Evans Trio's Waltz for Debby is truly poor. The vinyl is visibly scratched straight out of the sleeve, leading to numerous loud pops and skips. The sound is muddy and lifeless. Packaging was flimsy, offering no protection. I've never received a record in such bad condition. Avoid this release at all costs.",2025-12-31 02:58:04.264162+00
2b888099-46b9-44b1-8743-8084da6f9d72,4babe54a-8b62-49ee-b619-00c093744ad4,c58ab2f6-e7db-4263-a3c9-10ed52d8c815,5,"This is the definitive version of Moanin' by Art Blakey & The Jazz Messengers. The soundstage is expansive, and instruments are beautifully separated. Zero surface noise on my copy. It arrived double-boxed and protected, with the jacket in mint condition. Truly a premium product and worth every penny. If you're looking for a top-tier pressing, this is it.",2025-12-31 02:58:04.264162+00
2d62c7fa-4909-441d-a458-68272b88ce3c,4babe54a-8b62-49ee-b619-00c093744ad4,c58ab2f6-e7db-4263-a3c9-10ed52d8c815,4,"Enjoying this vinyl of Art Blakey & The Jazz Messengers' Moanin'. The audio is generally fantastic, rich and warm. The record looks great, no visible scratches. The jacket had a very minor corner ding, but nothing major. Delivery was on time. A solid 4-star experience; a little more attention to jacket protection would make it a 5.",2025-12-31 02:58:04.264162+00
2d678937-a6f3-45f6-badb-c97f4a72bd0c,4870ae2e-1065-4982-b116-a727898987e6,66c16aa0-6f0e-429b-8232-6f05814b982d,4,"A very good pressing of Maiden Voyage. Herbie Hancock's performance shines through. The sound is largely excellent, though I picked up on some background hiss during quieter passages. The vinyl was flat and the cover was well-preserved. It arrived safely and on schedule. A strong buy for fans, but not quite audiophile-grade perfection.",2025-12-31 02:58:04.264162+00
2d8071cf-b0f3-4437-aec5-34bf6b458175,aeb8127f-d03a-46d7-af63-62c1fef91893,6a5c3554-9eac-43af-8123-ab9e00c76b2a,5,"Simply magnificent! The sound quality on this pressing of A Love Supreme by John Coltrane is breathtaking. Every note is clear and vibrant. The record was immaculately clean and perfectly flat. The album jacket is thick and robust, a sign of quality. Delivery was prompt and the item was expertly protected. An essential purchase for any serious jazz enthusiast.",2025-12-31 02:58:04.264162+00
308f9eb0-9f26-44f3-a729-ecf5840a8879,d70547a1-586c-4e08-b632-3702a4c63614,cfc1875b-4247-4680-9c2d-dfa51b4e787a,4,"Great album, Time Out by Dave Brubeck Quartet, and a very good pressing overall. The sound quality is mostly excellent, though I noticed a tiny bit of surface noise on one track. The vinyl itself is flat and the packaging was sturdy. It arrived quickly and in good shape. Almost perfect, just a minor quibble with the occasional crackle. Still, a strong recommend.",2025-12-31 02:58:04.264162+00
3515de79-168e-42e1-9d63-f4206561a23d,4870ae2e-1065-4982-b116-a727898987e6,66c16aa0-6f0e-429b-8232-6f05814b982d,4,"Mostly impressed with this vinyl. The sound on Herbie Hancock's Maiden Voyage is full and engaging. The record was clean, but the outer sleeve felt a bit flimsy compared to other premium pressings. Delivery was efficient. It's a great listen, just a few small details keep it from being truly exceptional.",2025-12-31 02:58:04.264162+00
360b2ddd-f587-4c53-a611-87fa4043ae41,4870ae2e-1065-4982-b116-a727898987e6,66c16aa0-6f0e-429b-8232-6f05814b982d,3,"This copy of Maiden Voyage by Herbie Hancock is decent, but nothing special. The audio is acceptable, but not particularly dynamic. The vinyl has some minor scuffs, and the jacket corners were a bit soft. It arrived on time, but I expected better quality control for a classic album like this. It's an average pressing at best.",2025-12-31 02:58:04.264162+00
38d2fbd3-ef1a-46d9-bcbd-fe2e204ef719,e9d3de16-4ead-4d18-93d1-2036e32c6bde,1305a889-18be-4ca1-a445-ecf38cd0bc71,5,"Five stars aren't enough for this masterpiece! Charles Mingus's Ah Um sounds incredible on this vinyl. The mastering is superb, bringing out every nuance. The record itself is flawlessly pressed, no pops or crackles. Packaging was robust, protecting the gatefold sleeve beautifully. It arrived ahead of schedule, making the whole experience perfect. Couldn't be happier with this purchase!",2025-12-31 02:58:04.264162+00
3a9101f8-d467-418a-9f73-4c6567c59474,00c4c355-ed1a-43fb-8ae3-2052e5f95418,1de8844d-d27c-4ca7-a3de-10173bd70174,1,"Utter garbage. The record for Saxophone Colossus by Sonny Rollins was not only extremely warped, but it was also covered in what looked like mold. The sound was impossible to listen to. This is clearly a used, damaged record being sold as new. Disgusting and unacceptable. One star is too generous.",2025-12-31 02:58:04.264162+00
3b091343-3d28-46ed-a6aa-b8bcf16d5a70,aee27bf1-8f41-49ba-86bf-e205251fffab,d12cf78f-9259-4379-b323-a0714f39b511,2,"This pressing of Thelonious Monk's Brilliant Corners is truly poor. The vinyl is visibly scratched straight out of the sleeve, leading to numerous loud pops and skips. The sound is muddy and lifeless. Packaging was flimsy, offering no protection. I've never received a record in such bad condition. Avoid this release at all costs.",2025-12-31 02:58:04.264162+00
3ff922c4-5c31-48d8-9a83-9218b07ff1ca,7d75c15f-4bd1-42b3-8bfd-9f0a83479323,f91028df-0494-4092-9248-5194651be8bd,5,"Simply magnificent! The sound quality on this pressing of Kind of Blue by Miles Davis is breathtaking. Every note is clear and vibrant. The record was immaculately clean and perfectly flat. The album jacket is thick and robust, a sign of quality. Delivery was prompt and the item was expertly protected. An essential purchase for any serious jazz enthusiast.",2025-12-31 02:58:04.264162+00
4082de4a-68f9-4cb8-bc24-9a1820a86a7b,aeb8127f-d03a-46d7-af63-62c1fef91893,6a5c3554-9eac-43af-8123-ab9e00c76b2a,4,"A very good pressing of A Love Supreme. John Coltrane's performance shines through. The sound is largely excellent, though I picked up on some background hiss during quieter passages. The vinyl was flat and the cover was well-preserved. It arrived safely and on schedule. A strong buy for fans, but not quite audiophile-grade perfection.",2025-12-31 02:58:04.264162+00
40b85275-6cfe-43a7-b6ec-ba2ee4feaac2,aeb8127f-d03a-46d7-af63-62c1fef91893,0ecb05b7-2eef-4e90-ac8f-a8c4e47866b6,3,"I'm a huge fan of Bill Evans Trio, so I was excited for Waltz for Debby on vinyl. Unfortunately, this pressing is just okay. The sound is a bit flat, and there's some distracting crackle. The jacket arrived slightly bent. It's a functional copy, but doesn't do justice to the original recording. I've had better experiences with other labels.",2025-12-31 02:58:04.264162+00
42ebb3b6-0105-44d3-bdad-07d7a5cfa89d,4babe54a-8b62-49ee-b619-00c093744ad4,c58ab2f6-e7db-4263-a3c9-10ed52d8c815,3,"I'm a huge fan of Art Blakey & The Jazz Messengers, so I was excited for Moanin' on vinyl. Unfortunately, this pressing is just okay. The sound is a bit flat, and there's some distracting crackle. The jacket arrived slightly bent. It's a functional copy, but doesn't do justice to the original recording. I've had better experiences with other labels.",2025-12-31 02:58:04.264162+00
432fb42e-1645-46c8-b87b-de51659e2044,e9d3de16-4ead-4d18-93d1-2036e32c6bde,1305a889-18be-4ca1-a445-ecf38cd0bc71,4,"Great album, Ah Um by Charles Mingus, and a very good pressing overall. The sound quality is mostly excellent, though I noticed a tiny bit of surface noise on one track. The vinyl itself is flat and the packaging was sturdy. It arrived quickly and in good shape. Almost perfect, just a minor quibble with the occasional crackle. Still, a strong recommend.",2025-12-31 02:58:04.264162+00
4334f794-0423-4d51-ae22-bf15947c9598,00c4c355-ed1a-43fb-8ae3-2052e5f95418,1de8844d-d27c-4ca7-a3de-10173bd70174,5,"Five stars aren't enough for this masterpiece! Sonny Rollins's Saxophone Colossus sounds incredible on this vinyl. The mastering is superb, bringing out every nuance. The record itself is flawlessly pressed, no pops or crackles. Packaging was robust, protecting the gatefold sleeve beautifully. It arrived ahead of schedule, making the whole experience perfect. Couldn't be happier with this purchase!",2025-12-31 02:58:04.264162+00
45133ecc-250e-495c-bb52-9daa2ff75ebe,7d75c15f-4bd1-42b3-8bfd-9f0a83479323,f91028df-0494-4092-9248-5194651be8bd,3,"This copy of Kind of Blue by Miles Davis is decent, but nothing special. The audio is acceptable, but not particularly dynamic. The vinyl has some minor scuffs, and the jacket corners were a bit soft. It arrived on time, but I expected better quality control for a classic album like this. It's an average pressing at best.",2025-12-31 02:58:04.264162+00
457f8302-caa9-444c-b6c8-d046c64347ce,ce618a6b-35db-4f53-a977-ea30224fea58,0ecb05b7-2eef-4e90-ac8f-a8c4e47866b6,5,"Simply magnificent! The sound quality on this pressing of Waltz for Debby by Bill Evans Trio is breathtaking. Every note is clear and vibrant. The record was immaculately clean and perfectly flat. The album jacket is thick and robust, a sign of quality. Delivery was prompt and the item was expertly protected. An essential purchase for any serious jazz enthusiast.",2025-12-31 02:58:04.264162+00
47727289-ba84-4ded-ae09-73d4e4164838,d70547a1-586c-4e08-b632-3702a4c63614,cfc1875b-4247-4680-9c2d-dfa51b4e787a,4,"Really happy with most of this purchase. Dave Brubeck Quartet's Time Out sounds wonderful, and the pressing is mostly clean. I did find a couple of light scuffs on side B, but they didn't cause any skips. The jacket was in fine condition, and shipping was fast. A great album, just shy of perfect due to minor vinyl imperfections.",2025-12-31 02:58:04.264162+00
4f1ecdb7-aa22-48c3-acf7-7cfc92ad6b08,aeb8127f-d03a-46d7-af63-62c1fef91893,6a5c3554-9eac-43af-8123-ab9e00c76b2a,2,"Very disappointed with this purchase of A Love Supreme by John Coltrane. The vinyl arrived warped, making my tonearm visibly jump. The sound quality is terrible, full of distortion and constant surface noise. The jacket was also damaged, with a split seam. This is unacceptable for a new record. Definitely returning this. A complete waste of money.",2025-12-31 02:58:04.264162+00
4f2e0635-4e14-4d4f-b3df-d34577952aeb,ce618a6b-35db-4f53-a977-ea30224fea58,0ecb05b7-2eef-4e90-ac8f-a8c4e47866b6,4,"Great album, Waltz for Debby by Bill Evans Trio, and a very good pressing overall. The sound quality is mostly excellent, though I noticed a tiny bit of surface noise on one track. The vinyl itself is flat and the packaging was sturdy. It arrived quickly and in good shape. Almost perfect, just a minor quibble with the occasional crackle. Still, a strong recommend.",2025-12-31 02:58:04.264162+00
4fc8bd90-8903-440e-a7c9-8de1e679f257,aeb8127f-d03a-46d7-af63-62c1fef91893,6a5c3554-9eac-43af-8123-ab9e00c76b2a,4,"Really happy with most of this purchase. John Coltrane's A Love Supreme sounds wonderful, and the pressing is mostly clean. I did find a couple of light scuffs on side B, but they didn't cause any skips. The jacket was in fine condition, and shipping was fast. A great album, just shy of perfect due to minor vinyl imperfections.",2025-12-31 02:58:04.264162+00
5106f7f7-1976-4983-b6e6-3c165eec36a7,e9d3de16-4ead-4d18-93d1-2036e32c6bde,1305a889-18be-4ca1-a445-ecf38cd0bc71,5,"Absolutely stunning! This pressing of Ah Um by Charles Mingus is phenomenal. The sound quality is pristine, rich, and dynamic. The vinyl arrived perfectly flat and clean, housed in a sturdy, high-quality jacket. Shipping was incredibly fast and the album was very well-packaged to prevent any damage. A true audiophile's dream and a must-have for any jazz collection. Highly recommended!",2025-12-31 02:58:04.264162+00
52abae89-99ba-44ab-ba48-eb81bcc447ae,aee27bf1-8f41-49ba-86bf-e205251fffab,0ecb05b7-2eef-4e90-ac8f-a8c4e47866b6,5,"Absolutely stunning! This pressing of Waltz for Debby by Bill Evans Trio is phenomenal. The sound quality is pristine, rich, and dynamic. The vinyl arrived perfectly flat and clean, housed in a sturdy, high-quality jacket. Shipping was incredibly fast and the album was very well-packaged to prevent any damage. A true audiophile's dream and a must-have for any jazz collection. Highly recommended!",2025-12-31 02:58:04.264162+00
565ba280-d260-49f4-8306-31b6713d6512,7d75c15f-4bd1-42b3-8bfd-9f0a83479323,66c16aa0-6f0e-429b-8232-6f05814b982d,3,"Mixed feelings about this pressing of Maiden Voyage by Herbie Hancock. The music is timeless, of course, but the vinyl quality is just average. There's noticeable surface noise throughout, especially between tracks. The jacket arrived with a crease. It's playable, but not the premium experience I was hoping for. Delivery was fine.",2025-12-31 02:58:04.264162+00
5662dcf4-b153-4e29-87c3-f1af6d0f45fa,ce618a6b-35db-4f53-a977-ea30224fea58,1de8844d-d27c-4ca7-a3de-10173bd70174,4,"A very good pressing of Saxophone Colossus. Sonny Rollins's performance shines through. The sound is largely excellent, though I picked up on some background hiss during quieter passages. The vinyl was flat and the cover was well-preserved. It arrived safely and on schedule. A strong buy for fans, but not quite audiophile-grade perfection.",2025-12-31 02:58:04.264162+00
58489a2b-2e66-46cd-970c-2e2ee35460ec,4babe54a-8b62-49ee-b619-00c093744ad4,c58ab2f6-e7db-4263-a3c9-10ed52d8c815,1,"Never again. This vinyl of Art Blakey & The Jazz Messengers' Moanin' was so badly warped it wouldn't even sit flat on the platter. The sound was distorted beyond recognition. It also had visible dirt and debris embedded in the grooves. This is a defect, not a product. Avoid this seller at all costs.",2025-12-31 02:58:04.264162+00
5e084947-9412-4fa3-8430-bf60dc9f4f7e,aee27bf1-8f41-49ba-86bf-e205251fffab,1de8844d-d27c-4ca7-a3de-10173bd70174,4,"Enjoying this vinyl of Sonny Rollins's Saxophone Colossus. The audio is generally fantastic, rich and warm. The record looks great, no visible scratches. The jacket had a very minor corner ding, but nothing major. Delivery was on time. A solid 4-star experience; a little more attention to jacket protection would make it a 5.",2025-12-31 02:58:04.264162+00
5ed94889-e9a8-4273-a34f-5f7bb8873ecd,aee27bf1-8f41-49ba-86bf-e205251fffab,d12cf78f-9259-4379-b323-a0714f39b511,5,"A perfect addition to my collection. This edition of Brilliant Corners by Thelonious Monk delivers an exceptional listening experience. The depth and clarity of the sound are remarkable. The vinyl was spotless and played silently straight out of the sleeve. The jacket art is vibrant, and the inner sleeve is anti-static. Fast, secure delivery. Every aspect exceeded my expectations.",2025-12-31 02:58:04.264162+00
5f22a245-cb3e-419a-9f85-f821b7eed873,4870ae2e-1065-4982-b116-a727898987e6,66c16aa0-6f0e-429b-8232-6f05814b982d,2,"What a letdown. I was so excited for Maiden Voyage by Herbie Hancock, but this vinyl is unlistenable. It's heavily dished, and the sound is plagued with non-fill defects and static. The cover art was faded, almost like a bad photocopy. This record should never have passed quality control. Completely unacceptable.",2025-12-31 02:58:04.264162+00
61f108be-efb9-4a2e-a492-e31e05e7213c,aeb8127f-d03a-46d7-af63-62c1fef91893,6a5c3554-9eac-43af-8123-ab9e00c76b2a,3,"The music on John Coltrane's A Love Supreme is incredible, but this vinyl pressing is just passable. I encountered some non-fill issues on one side, causing a swishing sound. The jacket was fine, and delivery was timely. It's a shame the pressing quality isn't consistent with the artistry. I'll probably look for another pressing down the line.",2025-12-31 02:58:04.264162+00
621e66fa-efc4-4250-b3ea-54069ecb5c1b,4870ae2e-1065-4982-b116-a727898987e6,66c16aa0-6f0e-429b-8232-6f05814b982d,3,"While I love Herbie Hancock's Maiden Voyage, this vinyl release is a bit disappointing. The sound is okay, but lacks the crispness I expect. There are several pops and clicks, even after cleaning. The packaging was minimal, and the record sleeve was a plain paper one. It's listenable, but definitely not a standout pressing.",2025-12-31 02:58:04.264162+00
6311a2f0-72f4-4286-8cbe-89a79c3dbcfa,4babe54a-8b62-49ee-b619-00c093744ad4,c58ab2f6-e7db-4263-a3c9-10ed52d8c815,4,"A very good pressing of Moanin'. Art Blakey & The Jazz Messengers' performance shines through. The sound is largely excellent, though I picked up on some background hiss during quieter passages. The vinyl was flat and the cover was well-preserved. It arrived safely and on schedule. A strong buy for fans, but not quite audiophile-grade perfection.",2025-12-31 02:58:04.264162+00
66045e73-3fdd-4d7e-bd60-5f9e6c8304ba,d70547a1-586c-4e08-b632-3702a4c63614,cfc1875b-4247-4680-9c2d-dfa51b4e787a,3,"Three stars for Time Out by Dave Brubeck Quartet. The album itself is a classic, but this vinyl version is pretty standard. Some surface noise, and the sound isn't as warm as I'd hoped. The packaging was basic, and the record was a little dusty. It plays, but it's not the immersive experience I seek from vinyl. Value for money is questionable.",2025-12-31 02:58:04.264162+00
6651621e-e088-4550-9643-93172af98378,e9368dcf-6a85-4c63-9967-2af56d151dee,cd472aa7-cc1d-4163-a661-3b32d749a0c8,5,"Absolutely stunning! This pressing of Ella and Louis by Ella Fitzgerald & Louis Armstrong is phenomenal. The sound quality is pristine, rich, and dynamic. The vinyl arrived perfectly flat and clean, housed in a sturdy, high-quality jacket. Shipping was incredibly fast and the album was very well-packaged to prevent any damage. A true audiophile's dream and a must-have for any jazz collection. Highly recommended!",2025-12-31 02:58:04.264162+00
677a586f-6f13-490d-abe7-0df0d6cf1016,4babe54a-8b62-49ee-b619-00c093744ad4,c58ab2f6-e7db-4263-a3c9-10ed52d8c815,2,"Very disappointed with this purchase of Moanin' by Art Blakey & The Jazz Messengers. The vinyl arrived warped, making my tonearm visibly jump. The sound quality is terrible, full of distortion and constant surface noise. The jacket was also damaged, with a split seam. This is unacceptable for a new record. Definitely returning this. A complete waste of money.",2025-12-31 02:58:04.264162+00
682496b6-3b94-47ea-8200-06d2f7468b07,aee27bf1-8f41-49ba-86bf-e205251fffab,d12cf78f-9259-4379-b323-a0714f39b511,5,"A perfect addition to my collection. This edition of Brilliant Corners by Thelonious Monk delivers an exceptional listening experience. The depth and clarity of the sound are remarkable. The vinyl was spotless and played silently straight out of the sleeve. The jacket art is vibrant, and the inner sleeve is anti-static. Fast, secure delivery. Every aspect exceeded my expectations.",2025-12-31 02:58:04.264162+00
6c8fb9e8-8a06-4e8f-a813-dc6cdf7d14b2,00c4c355-ed1a-43fb-8ae3-2052e5f95418,1de8844d-d27c-4ca7-a3de-10173bd70174,1,"Complete disaster. The item I received was not Saxophone Colossus by Sonny Rollins. It was a completely different genre, and the vinyl was scratched deep across both sides. The jacket was ripped and water-damaged. This is false advertising and incredibly poor service. I want a full refund and an apology. Absolutely appalling.",2025-12-31 02:58:04.264162+00
6e1c58d0-81fa-4404-82a4-bf2bf2ce04bf,4870ae2e-1065-4982-b116-a727898987e6,6a5c3554-9eac-43af-8123-ab9e00c76b2a,5,"A perfect addition to my collection. This edition of A Love Supreme by John Coltrane delivers an exceptional listening experience. The depth and clarity of the sound are remarkable. The vinyl was spotless and played silently straight out of the sleeve. The jacket art is vibrant, and the inner sleeve is anti-static. Fast, secure delivery. Every aspect exceeded my expectations.",2025-12-31 02:58:04.264162+00
6f133994-f357-47af-9772-83b16798d9a3,00c4c355-ed1a-43fb-8ae3-2052e5f95418,1de8844d-d27c-4ca7-a3de-10173bd70174,3,"I'm a huge fan of Sonny Rollins, so I was excited for Saxophone Colossus on vinyl. Unfortunately, this pressing is just okay. The sound is a bit flat, and there's some distracting crackle. The jacket arrived slightly bent. It's a functional copy, but doesn't do justice to the original recording. I've had better experiences with other labels.",2025-12-31 02:58:04.264162+00
7070f794-23ef-41aa-bd12-e8c3a02af711,e9d3de16-4ead-4d18-93d1-2036e32c6bde,66c16aa0-6f0e-429b-8232-6f05814b982d,5,"This is the definitive version of Maiden Voyage by Herbie Hancock. The soundstage is expansive, and instruments are beautifully separated. Zero surface noise on my copy. It arrived double-boxed and protected, with the jacket in mint condition. Truly a premium product and worth every penny. If you're looking for a top-tier pressing, this is it.",2025-12-31 02:58:04.264162+00
70d3adf9-5137-47e9-bebd-963f3b17ddfb,4babe54a-8b62-49ee-b619-00c093744ad4,f91028df-0494-4092-9248-5194651be8bd,4,"Mostly impressed with this vinyl. The sound on Miles Davis's Kind of Blue is full and engaging. The record was clean, but the outer sleeve felt a bit flimsy compared to other premium pressings. Delivery was efficient. It's a great listen, just a few small details keep it from being truly exceptional.",2025-12-31 02:58:04.264162+00
70f5adf4-f01a-4bf6-8649-c6705fc91d93,7d75c15f-4bd1-42b3-8bfd-9f0a83479323,f91028df-0494-4092-9248-5194651be8bd,2,"Very disappointed with this purchase of Kind of Blue by Miles Davis. The vinyl arrived warped, making my tonearm visibly jump. The sound quality is terrible, full of distortion and constant surface noise. The jacket was also damaged, with a split seam. This is unacceptable for a new record. Definitely returning this. A complete waste of money.",2025-12-31 02:58:04.264162+00
71668e46-a41b-4328-bd27-2c917bd479bc,d70547a1-586c-4e08-b632-3702a4c63614,cfc1875b-4247-4680-9c2d-dfa51b4e787a,5,"Five stars aren't enough for this masterpiece! Dave Brubeck Quartet's Time Out sounds incredible on this vinyl. The mastering is superb, bringing out every nuance. The record itself is flawlessly pressed, no pops or crackles. Packaging was robust, protecting the gatefold sleeve beautifully. It arrived ahead of schedule, making the whole experience perfect. Couldn't be happier with this purchase!",2025-12-31 02:58:04.264162+00
738ff393-9304-4463-a111-636ec0617e9c,d70547a1-586c-4e08-b632-3702a4c63614,cfc1875b-4247-4680-9c2d-dfa51b4e787a,4,"Mostly impressed with this vinyl. The sound on Dave Brubeck Quartet's Time Out is full and engaging. The record was clean, but the outer sleeve felt a bit flimsy compared to other premium pressings. Delivery was efficient. It's a great listen, just a few small details keep it from being truly exceptional.",2025-12-31 02:58:04.264162+00
78fae056-7e5d-4326-8ca5-6c60aaad229b,00c4c355-ed1a-43fb-8ae3-2052e5f95418,6a5c3554-9eac-43af-8123-ab9e00c76b2a,2,"This pressing of John Coltrane's A Love Supreme is truly poor. The vinyl is visibly scratched straight out of the sleeve, leading to numerous loud pops and skips. The sound is muddy and lifeless. Packaging was flimsy, offering no protection. I've never received a record in such bad condition. Avoid this release at all costs.",2025-12-31 02:58:04.264162+00
7aa45eda-543a-4084-8055-71a15a1c3ee0,aeb8127f-d03a-46d7-af63-62c1fef91893,6a5c3554-9eac-43af-8123-ab9e00c76b2a,5,"Five stars aren't enough for this masterpiece! John Coltrane's A Love Supreme sounds incredible on this vinyl. The mastering is superb, bringing out every nuance. The record itself is flawlessly pressed, no pops or crackles. Packaging was robust, protecting the gatefold sleeve beautifully. It arrived ahead of schedule, making the whole experience perfect. Couldn't be happier with this purchase!",2025-12-31 02:58:04.264162+00
7b318fd3-9b72-4b12-bcbe-e2183535396b,e9368dcf-6a85-4c63-9967-2af56d151dee,d12cf78f-9259-4379-b323-a0714f39b511,5,"A perfect addition to my collection. This edition of Brilliant Corners by Thelonious Monk delivers an exceptional listening experience. The depth and clarity of the sound are remarkable. The vinyl was spotless and played silently straight out of the sleeve. The jacket art is vibrant, and the inner sleeve is anti-static. Fast, secure delivery. Every aspect exceeded my expectations.",2025-12-31 02:58:04.264162+00
7bb0324d-006a-457c-847c-8a34734c0b2a,e9d3de16-4ead-4d18-93d1-2036e32c6bde,1305a889-18be-4ca1-a445-ecf38cd0bc71,2,Barely two stars for Ah Um by Charles Mingus. The vinyl itself feels cheap and thin. It arrived with a significant warp and numerous scuffs that cause constant noise. The jacket was creased and the inner sleeve was torn. This is not the quality I expect from a premium jazz vinyl store. Very poor quality control.,2025-12-31 02:58:04.264162+00
7d7f6aed-450b-4e33-873a-894ccd76b0ba,00c4c355-ed1a-43fb-8ae3-2052e5f95418,1de8844d-d27c-4ca7-a3de-10173bd70174,2,"This pressing of Sonny Rollins's Saxophone Colossus is truly poor. The vinyl is visibly scratched straight out of the sleeve, leading to numerous loud pops and skips. The sound is muddy and lifeless. Packaging was flimsy, offering no protection. I've never received a record in such bad condition. Avoid this release at all costs.",2025-12-31 02:58:04.264162+00
7d9a9175-889c-42c9-a839-fb13534549ec,e9d3de16-4ead-4d18-93d1-2036e32c6bde,cd472aa7-cc1d-4163-a661-3b32d749a0c8,5,"Simply magnificent! The sound quality on this pressing of Ella and Louis by Ella Fitzgerald & Louis Armstrong is breathtaking. Every note is clear and vibrant. The record was immaculately clean and perfectly flat. The album jacket is thick and robust, a sign of quality. Delivery was prompt and the item was expertly protected. An essential purchase for any serious jazz enthusiast.",2025-12-31 02:58:04.264162+00
7eb7c7a2-11e8-4b96-a1a1-c5c8a0398b60,aeb8127f-d03a-46d7-af63-62c1fef91893,6a5c3554-9eac-43af-8123-ab9e00c76b2a,5,"A perfect addition to my collection. This edition of A Love Supreme by John Coltrane delivers an exceptional listening experience. The depth and clarity of the sound are remarkable. The vinyl was spotless and played silently straight out of the sleeve. The jacket art is vibrant, and the inner sleeve is anti-static. Fast, secure delivery. Every aspect exceeded my expectations.",2025-12-31 02:58:04.264162+00
81703db5-f7a3-4dba-8fb0-3acb868f0e1e,e9368dcf-6a85-4c63-9967-2af56d151dee,c58ab2f6-e7db-4263-a3c9-10ed52d8c815,5,"Simply magnificent! The sound quality on this pressing of Moanin' by Art Blakey & The Jazz Messengers is breathtaking. Every note is clear and vibrant. The record was immaculately clean and perfectly flat. The album jacket is thick and robust, a sign of quality. Delivery was prompt and the item was expertly protected. An essential purchase for any serious jazz enthusiast.",2025-12-31 02:58:04.264162+00
817f11c7-b8d5-4a35-a909-161022ee8b11,e9368dcf-6a85-4c63-9967-2af56d151dee,cd472aa7-cc1d-4163-a661-3b32d749a0c8,1,"Complete disaster. The item I received was not Ella and Louis by Ella Fitzgerald & Louis Armstrong. It was a completely different genre, and the vinyl was scratched deep across both sides. The jacket was ripped and water-damaged. This is false advertising and incredibly poor service. I want a full refund and an apology. Absolutely appalling.",2025-12-31 02:58:04.264162+00
82741620-1409-4bf5-94f8-4044cc03afb7,aee27bf1-8f41-49ba-86bf-e205251fffab,d12cf78f-9259-4379-b323-a0714f39b511,2,"Very disappointed with this purchase of Brilliant Corners by Thelonious Monk. The vinyl arrived warped, making my tonearm visibly jump. The sound quality is terrible, full of distortion and constant surface noise. The jacket was also damaged, with a split seam. This is unacceptable for a new record. Definitely returning this. A complete waste of money.",2025-12-31 02:58:04.264162+00
82a29395-f2ed-492a-96cc-abc89a487aa7,7d75c15f-4bd1-42b3-8bfd-9f0a83479323,f91028df-0494-4092-9248-5194651be8bd,3,"Mixed feelings about this pressing of Kind of Blue by Miles Davis. The music is timeless, of course, but the vinyl quality is just average. There's noticeable surface noise throughout, especially between tracks. The jacket arrived with a crease. It's playable, but not the premium experience I was hoping for. Delivery was fine.",2025-12-31 02:58:04.264162+00
82beb037-ccf3-41af-86d1-484c3bc603ee,d70547a1-586c-4e08-b632-3702a4c63614,f91028df-0494-4092-9248-5194651be8bd,4,"A very good pressing of Kind of Blue. Miles Davis's performance shines through. The sound is largely excellent, though I picked up on some background hiss during quieter passages. The vinyl was flat and the cover was well-preserved. It arrived safely and on schedule. A strong buy for fans, but not quite audiophile-grade perfection.",2025-12-31 02:58:04.264162+00
844ff8d7-c2a8-4232-9515-32bd6d20376a,d70547a1-586c-4e08-b632-3702a4c63614,cfc1875b-4247-4680-9c2d-dfa51b4e787a,2,"Very disappointed with this purchase of Time Out by Dave Brubeck Quartet. The vinyl arrived warped, making my tonearm visibly jump. The sound quality is terrible, full of distortion and constant surface noise. The jacket was also damaged, with a split seam. This is unacceptable for a new record. Definitely returning this. A complete waste of money.",2025-12-31 02:58:04.264162+00
858c6dde-337e-44a1-9108-bfd4f8b14108,ce618a6b-35db-4f53-a977-ea30224fea58,0ecb05b7-2eef-4e90-ac8f-a8c4e47866b6,5,"Absolutely stunning! This pressing of Waltz for Debby by Bill Evans Trio is phenomenal. The sound quality is pristine, rich, and dynamic. The vinyl arrived perfectly flat and clean, housed in a sturdy, high-quality jacket. Shipping was incredibly fast and the album was very well-packaged to prevent any damage. A true audiophile's dream and a must-have for any jazz collection. Highly recommended!",2025-12-31 02:58:04.264162+00
861a0cee-5b85-4e0c-90f6-ff396d5fbc8a,d70547a1-586c-4e08-b632-3702a4c63614,cfc1875b-4247-4680-9c2d-dfa51b4e787a,3,"While I love Dave Brubeck Quartet's Time Out, this vinyl release is a bit disappointing. The sound is okay, but lacks the crispness I expect. There are several pops and clicks, even after cleaning. The packaging was minimal, and the record sleeve was a plain paper one. It's listenable, but definitely not a standout pressing.",2025-12-31 02:58:04.264162+00
88cbdc4a-ee53-447d-ab72-9e2b3541cd7d,ce618a6b-35db-4f53-a977-ea30224fea58,c58ab2f6-e7db-4263-a3c9-10ed52d8c815,4,"Mostly impressed with this vinyl. The sound on Art Blakey & The Jazz Messengers' Moanin' is full and engaging. The record was clean, but the outer sleeve felt a bit flimsy compared to other premium pressings. Delivery was efficient. It's a great listen, just a few small details keep it from being truly exceptional.",2025-12-31 02:58:04.264162+00
8a807ab7-479b-4f6e-b9e1-0acfdb7d3ff2,e9d3de16-4ead-4d18-93d1-2036e32c6bde,1305a889-18be-4ca1-a445-ecf38cd0bc71,4,"Enjoying this vinyl of Charles Mingus's Ah Um. The audio is generally fantastic, rich and warm. The record looks great, no visible scratches. The jacket had a very minor corner ding, but nothing major. Delivery was on time. A solid 4-star experience; a little more attention to jacket protection would make it a 5.",2025-12-31 02:58:04.264162+00
8cf6310b-ca90-40a9-b3ae-3b7eec690aeb,e9d3de16-4ead-4d18-93d1-2036e32c6bde,1305a889-18be-4ca1-a445-ecf38cd0bc71,5,"Simply magnificent! The sound quality on this pressing of Ah Um by Charles Mingus is breathtaking. Every note is clear and vibrant. The record was immaculately clean and perfectly flat. The album jacket is thick and robust, a sign of quality. Delivery was prompt and the item was expertly protected. An essential purchase for any serious jazz enthusiast.",2025-12-31 02:58:04.264162+00
8d19ad62-924b-4b8f-8632-a9de70d11958,00c4c355-ed1a-43fb-8ae3-2052e5f95418,1de8844d-d27c-4ca7-a3de-10173bd70174,2,Barely two stars for Saxophone Colossus by Sonny Rollins. The vinyl itself feels cheap and thin. It arrived with a significant warp and numerous scuffs that cause constant noise. The jacket was creased and the inner sleeve was torn. This is not the quality I expect from a premium jazz vinyl store. Very poor quality control.,2025-12-31 02:58:04.264162+00
8d3d5648-0f45-42f1-ae72-ce5f8495b9be,e9368dcf-6a85-4c63-9967-2af56d151dee,cd472aa7-cc1d-4163-a661-3b32d749a0c8,4,"Enjoying this vinyl of Ella Fitzgerald & Louis Armstrong's Ella and Louis. The audio is generally fantastic, rich and warm. The record looks great, no visible scratches. The jacket had a very minor corner ding, but nothing major. Delivery was on time. A solid 4-star experience; a little more attention to jacket protection would make it a 5.",2025-12-31 02:58:04.264162+00
8e7bd7d5-5144-45d1-8194-4ffebeb2e157,aee27bf1-8f41-49ba-86bf-e205251fffab,d12cf78f-9259-4379-b323-a0714f39b511,4,"A very good pressing of Brilliant Corners. Thelonious Monk's performance shines through. The sound is largely excellent, though I picked up on some background hiss during quieter passages. The vinyl was flat and the cover was well-preserved. It arrived safely and on schedule. A strong buy for fans, but not quite audiophile-grade perfection.",2025-12-31 02:58:04.264162+00
8eb79b15-179b-4c62-b8b8-7e09ee307565,e9d3de16-4ead-4d18-93d1-2036e32c6bde,f91028df-0494-4092-9248-5194651be8bd,5,"Simply magnificent! The sound quality on this pressing of Kind of Blue by Miles Davis is breathtaking. Every note is clear and vibrant. The record was immaculately clean and perfectly flat. The album jacket is thick and robust, a sign of quality. Delivery was prompt and the item was expertly protected. An essential purchase for any serious jazz enthusiast.",2025-12-31 02:58:04.264162+00
90d43a30-16fd-4eb9-8fe4-9c2bb61e3c6e,aee27bf1-8f41-49ba-86bf-e205251fffab,d12cf78f-9259-4379-b323-a0714f39b511,5,"Absolutely stunning! This pressing of Brilliant Corners by Thelonious Monk is phenomenal. The sound quality is pristine, rich, and dynamic. The vinyl arrived perfectly flat and clean, housed in a sturdy, high-quality jacket. Shipping was incredibly fast and the album was very well-packaged to prevent any damage. A true audiophile's dream and a must-have for any jazz collection. Highly recommended!",2025-12-31 02:58:04.264162+00
9255f991-a617-4190-a245-318e12f65a00,4870ae2e-1065-4982-b116-a727898987e6,66c16aa0-6f0e-429b-8232-6f05814b982d,5,"Five stars aren't enough for this masterpiece! Herbie Hancock's Maiden Voyage sounds incredible on this vinyl. The mastering is superb, bringing out every nuance. The record itself is flawlessly pressed, no pops or crackles. Packaging was robust, protecting the gatefold sleeve beautifully. It arrived ahead of schedule, making the whole experience perfect. Couldn't be happier with this purchase!",2025-12-31 02:58:04.264162+00
94e3e785-0018-4a79-9d6c-2626eba16742,00c4c355-ed1a-43fb-8ae3-2052e5f95418,1de8844d-d27c-4ca7-a3de-10173bd70174,5,"This is the definitive version of Saxophone Colossus by Sonny Rollins. The soundstage is expansive, and instruments are beautifully separated. Zero surface noise on my copy. It arrived double-boxed and protected, with the jacket in mint condition. Truly a premium product and worth every penny. If you're looking for a top-tier pressing, this is it.",2025-12-31 02:58:04.264162+00
95cedb11-d6a5-47e5-889c-280e76885209,4870ae2e-1065-4982-b116-a727898987e6,1305a889-18be-4ca1-a445-ecf38cd0bc71,1,"Received the wrong album entirely, and the one I got was warped beyond playability. This was supposed to be Ah Um by Charles Mingus. How can such a mistake happen? The quality control is non-existent. This is a fraudulent transaction. Extremely disappointed and will not be ordering again.",2025-12-31 02:58:04.264162+00
97631e8b-6d86-4304-8686-e37a7aceb11d,d70547a1-586c-4e08-b632-3702a4c63614,cd472aa7-cc1d-4163-a661-3b32d749a0c8,3,"The music on Ella Fitzgerald & Louis Armstrong's Ella and Louis is incredible, but this vinyl pressing is just passable. I encountered some non-fill issues on one side, causing a swishing sound. The jacket was fine, and delivery was timely. It's a shame the pressing quality isn't consistent with the artistry. I'll probably look for another pressing down the line.",2025-12-31 02:58:04.264162+00
979da816-98c2-4ef0-aac4-7e93d8615d6c,4babe54a-8b62-49ee-b619-00c093744ad4,c58ab2f6-e7db-4263-a3c9-10ed52d8c815,5,"Absolutely stunning! This pressing of Moanin' by Art Blakey & The Jazz Messengers is phenomenal. The sound quality is pristine, rich, and dynamic. The vinyl arrived perfectly flat and clean, housed in a sturdy, high-quality jacket. Shipping was incredibly fast and the album was very well-packaged to prevent any damage. A true audiophile's dream and a must-have for any jazz collection. Highly recommended!",2025-12-31 02:58:04.264162+00
98e1a477-d849-4a5d-8b2d-af50a72a1415,7d75c15f-4bd1-42b3-8bfd-9f0a83479323,6a5c3554-9eac-43af-8123-ab9e00c76b2a,5,"Absolutely stunning! This pressing of A Love Supreme by John Coltrane is phenomenal. The sound quality is pristine, rich, and dynamic. The vinyl arrived perfectly flat and clean, housed in a sturdy, high-quality jacket. Shipping was incredibly fast and the album was very well-packaged to prevent any damage. A true audiophile's dream and a must-have for any jazz collection. Highly recommended!",2025-12-31 02:58:04.264162+00
995664ae-c092-4461-bfad-d7e46e290124,e9d3de16-4ead-4d18-93d1-2036e32c6bde,1305a889-18be-4ca1-a445-ecf38cd0bc71,3,"I'm a huge fan of Charles Mingus, so I was excited for Ah Um on vinyl. Unfortunately, this pressing is just okay. The sound is a bit flat, and there's some distracting crackle. The jacket arrived slightly bent. It's a functional copy, but doesn't do justice to the original recording. I've had better experiences with other labels.",2025-12-31 02:58:04.264162+00
99f485ab-28fb-43eb-bd34-b2a6a3e39294,4babe54a-8b62-49ee-b619-00c093744ad4,6a5c3554-9eac-43af-8123-ab9e00c76b2a,5,"A perfect addition to my collection. This edition of A Love Supreme by John Coltrane delivers an exceptional listening experience. The depth and clarity of the sound are remarkable. The vinyl was spotless and played silently straight out of the sleeve. The jacket art is vibrant, and the inner sleeve is anti-static. Fast, secure delivery. Every aspect exceeded my expectations.",2025-12-31 02:58:04.264162+00
9b8a028a-0e9f-4d6d-abd8-928dc581d186,4870ae2e-1065-4982-b116-a727898987e6,66c16aa0-6f0e-429b-8232-6f05814b982d,4,"Enjoying this vinyl of Herbie Hancock's Maiden Voyage. The audio is generally fantastic, rich and warm. The record looks great, no visible scratches. The jacket had a very minor corner ding, but nothing major. Delivery was on time. A solid 4-star experience; a little more attention to jacket protection would make it a 5.",2025-12-31 02:58:04.264162+00
a082e527-1d21-40eb-ace7-700aadebce0a,7d75c15f-4bd1-42b3-8bfd-9f0a83479323,f91028df-0494-4092-9248-5194651be8bd,5,"A perfect addition to my collection. This edition of Kind of Blue by Miles Davis delivers an exceptional listening experience. The depth and clarity of the sound are remarkable. The vinyl was spotless and played silently straight out of the sleeve. The jacket art is vibrant, and the inner sleeve is anti-static. Fast, secure delivery. Every aspect exceeded my expectations.",2025-12-31 02:58:04.264162+00
a0feabbf-63bd-4985-9f28-0f0859c916df,aee27bf1-8f41-49ba-86bf-e205251fffab,1305a889-18be-4ca1-a445-ecf38cd0bc71,5,"This is the definitive version of Ah Um by Charles Mingus. The soundstage is expansive, and instruments are beautifully separated. Zero surface noise on my copy. It arrived double-boxed and protected, with the jacket in mint condition. Truly a premium product and worth every penny. If you're looking for a top-tier pressing, this is it.",2025-12-31 02:58:04.264162+00
a1119d3c-8ce6-40b1-8bc1-6388b5d46f81,7d75c15f-4bd1-42b3-8bfd-9f0a83479323,f91028df-0494-4092-9248-5194651be8bd,5,"Five stars aren't enough for this masterpiece! Miles Davis's Kind of Blue sounds incredible on this vinyl. The mastering is superb, bringing out every nuance. The record itself is flawlessly pressed, no pops or crackles. Packaging was robust, protecting the gatefold sleeve beautifully. It arrived ahead of schedule, making the whole experience perfect. Couldn't be happier with this purchase!",2025-12-31 02:58:04.264162+00
a663c9ed-95cf-47df-8c8d-38912b2ba528,4babe54a-8b62-49ee-b619-00c093744ad4,c58ab2f6-e7db-4263-a3c9-10ed52d8c815,5,"A perfect addition to my collection. This edition of Moanin' by Art Blakey & The Jazz Messengers delivers an exceptional listening experience. The depth and clarity of the sound are remarkable. The vinyl was spotless and played silently straight out of the sleeve. The jacket art is vibrant, and the inner sleeve is anti-static. Fast, secure delivery. Every aspect exceeded my expectations.",2025-12-31 02:58:04.264162+00
a8229071-86fa-44d3-9b0a-cc34890bcd48,e9368dcf-6a85-4c63-9967-2af56d151dee,cd472aa7-cc1d-4163-a661-3b32d749a0c8,4,"Mostly impressed with this vinyl. The sound on Ella Fitzgerald & Louis Armstrong's Ella and Louis is full and engaging. The record was clean, but the outer sleeve felt a bit flimsy compared to other premium pressings. Delivery was efficient. It's a great listen, just a few small details keep it from being truly exceptional.",2025-12-31 02:58:04.264162+00
a93279ff-0818-413c-90f2-7fb4675f9426,aee27bf1-8f41-49ba-86bf-e205251fffab,d12cf78f-9259-4379-b323-a0714f39b511,3,"Mixed feelings about this pressing of Brilliant Corners by Thelonious Monk. The music is timeless, of course, but the vinyl quality is just average. There's noticeable surface noise throughout, especially between tracks. The jacket arrived with a crease. It's playable, but not the premium experience I was hoping for. Delivery was fine.",2025-12-31 02:58:04.264162+00
ac37bb1f-81f8-492e-b4f9-3ec54bea046e,00c4c355-ed1a-43fb-8ae3-2052e5f95418,d12cf78f-9259-4379-b323-a0714f39b511,1,"This is an absolute scam. I ordered Brilliant Corners by Thelonious Monk and received a completely different, unknown album. The vinyl itself was also cracked. This is utterly unacceptable and makes me question the reliability of this store. Zero stars if I could. Horrible experience from start to finish. Returning immediately.",2025-12-31 02:58:04.264162+00
ad3ce363-2d2d-4b18-82a7-a6839b9e9318,7d75c15f-4bd1-42b3-8bfd-9f0a83479323,f91028df-0494-4092-9248-5194651be8bd,5,"This is the definitive version of Kind of Blue by Miles Davis. The soundstage is expansive, and instruments are beautifully separated. Zero surface noise on my copy. It arrived double-boxed and protected, with the jacket in mint condition. Truly a premium product and worth every penny. If you're looking for a top-tier pressing, this is it.",2025-12-31 02:58:04.264162+00
adbb283c-e093-4bca-b93a-de11fc730db5,4870ae2e-1065-4982-b116-a727898987e6,66c16aa0-6f0e-429b-8232-6f05814b982d,1,"Utter garbage. The record for Maiden Voyage by Herbie Hancock was not only extremely warped, but it was also covered in what looked like mold. The sound was impossible to listen to. This is clearly a used, damaged record being sold as new. Disgusting and unacceptable. One star is too generous.",2025-12-31 02:58:04.264162+00
adc07739-89ea-43df-a642-ca4ec0eb19e1,00c4c355-ed1a-43fb-8ae3-2052e5f95418,cd472aa7-cc1d-4163-a661-3b32d749a0c8,3,"This copy of Ella and Louis by Ella Fitzgerald & Louis Armstrong is decent, but nothing special. The audio is acceptable, but not particularly dynamic. The vinyl has some minor scuffs, and the jacket corners were a bit soft. It arrived on time, but I expected better quality control for a classic album like this. It's an average pressing at best.",2025-12-31 02:58:04.264162+00
ae7c63d2-6231-49e9-ad7e-534fc61dbbbe,ce618a6b-35db-4f53-a977-ea30224fea58,0ecb05b7-2eef-4e90-ac8f-a8c4e47866b6,3,"Mixed feelings about this pressing of Waltz for Debby by Bill Evans Trio. The music is timeless, of course, but the vinyl quality is just average. There's noticeable surface noise throughout, especially between tracks. The jacket arrived with a crease. It's playable, but not the premium experience I was hoping for. Delivery was fine.",2025-12-31 02:58:04.264162+00
b13f57b3-498d-4649-b57d-33ff304a4432,aeb8127f-d03a-46d7-af63-62c1fef91893,6a5c3554-9eac-43af-8123-ab9e00c76b2a,3,"This copy of A Love Supreme by John Coltrane is decent, but nothing special. The audio is acceptable, but not particularly dynamic. The vinyl has some minor scuffs, and the jacket corners were a bit soft. It arrived on time, but I expected better quality control for a classic album like this. It's an average pressing at best.",2025-12-31 02:58:04.264162+00
b4638fb6-5eb8-44dd-9de7-17541efc2088,ce618a6b-35db-4f53-a977-ea30224fea58,1de8844d-d27c-4ca7-a3de-10173bd70174,5,"Five stars aren't enough for this masterpiece! Sonny Rollins's Saxophone Colossus sounds incredible on this vinyl. The mastering is superb, bringing out every nuance. The record itself is flawlessly pressed, no pops or crackles. Packaging was robust, protecting the gatefold sleeve beautifully. It arrived ahead of schedule, making the whole experience perfect. Couldn't be happier with this purchase!",2025-12-31 02:58:04.264162+00
b4c40342-cb95-4bfe-baf7-236167f0f4f7,00c4c355-ed1a-43fb-8ae3-2052e5f95418,1de8844d-d27c-4ca7-a3de-10173bd70174,2,"Very disappointed with this purchase of Saxophone Colossus by Sonny Rollins. The vinyl arrived warped, making my tonearm visibly jump. The sound quality is terrible, full of distortion and constant surface noise. The jacket was also damaged, with a split seam. This is unacceptable for a new record. Definitely returning this. A complete waste of money.",2025-12-31 02:58:04.264162+00
b5ef08c2-8bab-45ef-8d4b-5818d544d425,d70547a1-586c-4e08-b632-3702a4c63614,cfc1875b-4247-4680-9c2d-dfa51b4e787a,4,"A very good pressing of Time Out. Dave Brubeck Quartet's performance shines through. The sound is largely excellent, though I picked up on some background hiss during quieter passages. The vinyl was flat and the cover was well-preserved. It arrived safely and on schedule. A strong buy for fans, but not quite audiophile-grade perfection.",2025-12-31 02:58:04.264162+00
b73a598e-5f47-47c8-a627-e3889b18582d,ce618a6b-35db-4f53-a977-ea30224fea58,d12cf78f-9259-4379-b323-a0714f39b511,5,"Absolutely stunning! This pressing of Brilliant Corners by Thelonious Monk is phenomenal. The sound quality is pristine, rich, and dynamic. The vinyl arrived perfectly flat and clean, housed in a sturdy, high-quality jacket. Shipping was incredibly fast and the album was very well-packaged to prevent any damage. A true audiophile's dream and a must-have for any jazz collection. Highly recommended!",2025-12-31 02:58:04.264162+00
b8c19a41-82f9-4651-b3f2-3102a7a4bf23,7d75c15f-4bd1-42b3-8bfd-9f0a83479323,f91028df-0494-4092-9248-5194651be8bd,4,"Great album, Kind of Blue by Miles Davis, and a very good pressing overall. The sound quality is mostly excellent, though I noticed a tiny bit of surface noise on one track. The vinyl itself is flat and the packaging was sturdy. It arrived quickly and in good shape. Almost perfect, just a minor quibble with the occasional crackle. Still, a strong recommend.",2025-12-31 02:58:04.264162+00
b985ce8b-f434-4ec7-ac18-3441b950974f,ce618a6b-35db-4f53-a977-ea30224fea58,0ecb05b7-2eef-4e90-ac8f-a8c4e47866b6,4,"Mostly impressed with this vinyl. The sound on Bill Evans Trio's Waltz for Debby is full and engaging. The record was clean, but the outer sleeve felt a bit flimsy compared to other premium pressings. Delivery was efficient. It's a great listen, just a few small details keep it from being truly exceptional.",2025-12-31 02:58:04.264162+00
b994925c-7192-423d-8a04-29c4d42dce23,4babe54a-8b62-49ee-b619-00c093744ad4,c58ab2f6-e7db-4263-a3c9-10ed52d8c815,3,"Three stars for Moanin' by Art Blakey & The Jazz Messengers. The album itself is a classic, but this vinyl version is pretty standard. Some surface noise, and the sound isn't as warm as I'd hoped. The packaging was basic, and the record was a little dusty. It plays, but it's not the immersive experience I seek from vinyl. Value for money is questionable.",2025-12-31 02:58:04.264162+00
b9d15e83-4279-47e7-b178-3001c9e5aa1f,4870ae2e-1065-4982-b116-a727898987e6,66c16aa0-6f0e-429b-8232-6f05814b982d,5,"Absolutely stunning! This pressing of Maiden Voyage by Herbie Hancock is phenomenal. The sound quality is pristine, rich, and dynamic. The vinyl arrived perfectly flat and clean, housed in a sturdy, high-quality jacket. Shipping was incredibly fast and the album was very well-packaged to prevent any damage. A true audiophile's dream and a must-have for any jazz collection. Highly recommended!",2025-12-31 02:58:04.264162+00
bbee3c16-0343-41cf-b5dc-4f60d3ec5951,aeb8127f-d03a-46d7-af63-62c1fef91893,f91028df-0494-4092-9248-5194651be8bd,5,"This is the definitive version of Kind of Blue by Miles Davis. The soundstage is expansive, and instruments are beautifully separated. Zero surface noise on my copy. It arrived double-boxed and protected, with the jacket in mint condition. Truly a premium product and worth every penny. If you're looking for a top-tier pressing, this is it.",2025-12-31 02:58:04.264162+00
bf7a0d58-1a73-4e23-9b9a-a0a89ed48fbd,e9d3de16-4ead-4d18-93d1-2036e32c6bde,1305a889-18be-4ca1-a445-ecf38cd0bc71,4,"Mostly impressed with this vinyl. The sound on Charles Mingus's Ah Um is full and engaging. The record was clean, but the outer sleeve felt a bit flimsy compared to other premium pressings. Delivery was efficient. It's a great listen, just a few small details keep it from being truly exceptional.",2025-12-31 02:58:04.264162+00
c4007fdf-34ef-43c9-97be-1ab4d02b8240,e9d3de16-4ead-4d18-93d1-2036e32c6bde,cfc1875b-4247-4680-9c2d-dfa51b4e787a,5,"Simply magnificent! The sound quality on this pressing of Time Out by Dave Brubeck Quartet is breathtaking. Every note is clear and vibrant. The record was immaculately clean and perfectly flat. The album jacket is thick and robust, a sign of quality. Delivery was prompt and the item was expertly protected. An essential purchase for any serious jazz enthusiast.",2025-12-31 02:58:04.264162+00
c69245ba-b294-470f-b2a7-15d700ca04c7,e9368dcf-6a85-4c63-9967-2af56d151dee,cd472aa7-cc1d-4163-a661-3b32d749a0c8,5,"This is the definitive version of Ella and Louis by Ella Fitzgerald & Louis Armstrong. The soundstage is expansive, and instruments are beautifully separated. Zero surface noise on my copy. It arrived double-boxed and protected, with the jacket in mint condition. Truly a premium product and worth every penny. If you're looking for a top-tier pressing, this is it.",2025-12-31 02:58:04.264162+00
cbcf4902-4ae2-40a0-aa80-65430126219a,aeb8127f-d03a-46d7-af63-62c1fef91893,cfc1875b-4247-4680-9c2d-dfa51b4e787a,3,"This copy of Time Out by Dave Brubeck Quartet is decent, but nothing special. The audio is acceptable, but not particularly dynamic. The vinyl has some minor scuffs, and the jacket corners were a bit soft. It arrived on time, but I expected better quality control for a classic album like this. It's an average pressing at best.",2025-12-31 02:58:04.264162+00
cc53a34b-c3d5-4020-ab6d-9225d1e32da5,ce618a6b-35db-4f53-a977-ea30224fea58,0ecb05b7-2eef-4e90-ac8f-a8c4e47866b6,5,"A perfect addition to my collection. This edition of Waltz for Debby by Bill Evans Trio delivers an exceptional listening experience. The depth and clarity of the sound are remarkable. The vinyl was spotless and played silently straight out of the sleeve. The jacket art is vibrant, and the inner sleeve is anti-static. Fast, secure delivery. Every aspect exceeded my expectations.",2025-12-31 02:58:04.264162+00
cf7c320b-93e4-4d25-ac38-cb0e70b699c9,e9368dcf-6a85-4c63-9967-2af56d151dee,cd472aa7-cc1d-4163-a661-3b32d749a0c8,5,"Simply magnificent! The sound quality on this pressing of Ella and Louis by Ella Fitzgerald & Louis Armstrong is breathtaking. Every note is clear and vibrant. The record was immaculately clean and perfectly flat. The album jacket is thick and robust, a sign of quality. Delivery was prompt and the item was expertly protected. An essential purchase for any serious jazz enthusiast.",2025-12-31 02:58:04.264162+00
d08a51c1-3567-480f-9081-d3e50967ae65,7d75c15f-4bd1-42b3-8bfd-9f0a83479323,f91028df-0494-4092-9248-5194651be8bd,5,"Absolutely stunning! This pressing of Kind of Blue by Miles Davis is phenomenal. The sound quality is pristine, rich, and dynamic. The vinyl arrived perfectly flat and clean, housed in a sturdy, high-quality jacket. Shipping was incredibly fast and the album was very well-packaged to prevent any damage. A true audiophile's dream and a must-have for any jazz collection. Highly recommended!",2025-12-31 02:58:04.264162+00
d0f0584a-2eae-4a9f-92b9-84dde33289eb,7d75c15f-4bd1-42b3-8bfd-9f0a83479323,cd472aa7-cc1d-4163-a661-3b32d749a0c8,1,"Beyond furious. The vinyl for Ella Fitzgerald & Louis Armstrong's Ella and Louis arrived shattered into pieces, despite the 'fragile' label. Clearly, packaging was non-existent. This is a complete waste of my money and time. I cannot believe the lack of care. This is the worst online vinyl purchase I've ever made.",2025-12-31 02:58:04.264162+00
d17c7999-df8c-41cb-9f0e-107c5fe3a705,e9d3de16-4ead-4d18-93d1-2036e32c6bde,1305a889-18be-4ca1-a445-ecf38cd0bc71,5,"A perfect addition to my collection. This edition of Ah Um by Charles Mingus delivers an exceptional listening experience. The depth and clarity of the sound are remarkable. The vinyl was spotless and played silently straight out of the sleeve. The jacket art is vibrant, and the inner sleeve is anti-static. Fast, secure delivery. Every aspect exceeded my expectations.",2025-12-31 02:58:04.264162+00
d189fbf5-f99c-4d04-9952-751e22056aff,e9368dcf-6a85-4c63-9967-2af56d151dee,6a5c3554-9eac-43af-8123-ab9e00c76b2a,5,"Five stars aren't enough for this masterpiece! John Coltrane's A Love Supreme sounds incredible on this vinyl. The mastering is superb, bringing out every nuance. The record itself is flawlessly pressed, no pops or crackles. Packaging was robust, protecting the gatefold sleeve beautifully. It arrived ahead of schedule, making the whole experience perfect. Couldn't be happier with this purchase!",2025-12-31 02:58:04.264162+00
d1dda086-d30e-45c0-aa62-12c77c5f55fb,4babe54a-8b62-49ee-b619-00c093744ad4,c58ab2f6-e7db-4263-a3c9-10ed52d8c815,5,"Absolutely stunning! This pressing of Moanin' by Art Blakey & The Jazz Messengers is phenomenal. The sound quality is pristine, rich, and dynamic. The vinyl arrived perfectly flat and clean, housed in a sturdy, high-quality jacket. Shipping was incredibly fast and the album was very well-packaged to prevent any damage. A true audiophile's dream and a must-have for any jazz collection. Highly recommended!",2025-12-31 02:58:04.264162+00
d2576a1f-00a2-4f1f-b45c-321368bdd621,00c4c355-ed1a-43fb-8ae3-2052e5f95418,1de8844d-d27c-4ca7-a3de-10173bd70174,4,"Great album, Saxophone Colossus by Sonny Rollins, and a very good pressing overall. The sound quality is mostly excellent, though I noticed a tiny bit of surface noise on one track. The vinyl itself is flat and the packaging was sturdy. It arrived quickly and in good shape. Almost perfect, just a minor quibble with the occasional crackle. Still, a strong recommend.",2025-12-31 02:58:04.264162+00
d4938d09-f9f7-4e3c-bce9-c6e20f34b83d,ce618a6b-35db-4f53-a977-ea30224fea58,0ecb05b7-2eef-4e90-ac8f-a8c4e47866b6,5,"Absolutely stunning! This pressing of Waltz for Debby by Bill Evans Trio is phenomenal. The sound quality is pristine, rich, and dynamic. The vinyl arrived perfectly flat and clean, housed in a sturdy, high-quality jacket. Shipping was incredibly fast and the album was very well-packaged to prevent any damage. A true audiophile's dream and a must-have for any jazz collection. Highly recommended!",2025-12-31 02:58:04.264162+00
d5d99fc0-8383-45eb-b761-5ddeaa837561,aee27bf1-8f41-49ba-86bf-e205251fffab,d12cf78f-9259-4379-b323-a0714f39b511,5,"Simply magnificent! The sound quality on this pressing of Brilliant Corners by Thelonious Monk is breathtaking. Every note is clear and vibrant. The record was immaculately clean and perfectly flat. The album jacket is thick and robust, a sign of quality. Delivery was prompt and the item was expertly protected. An essential purchase for any serious jazz enthusiast.",2025-12-31 02:58:04.264162+00
d9d81e5f-bc29-4cd2-b3f5-dce19ed09a87,aee27bf1-8f41-49ba-86bf-e205251fffab,f91028df-0494-4092-9248-5194651be8bd,3,"Mixed feelings about this pressing of Kind of Blue by Miles Davis. The music is timeless, of course, but the vinyl quality is just average. There's noticeable surface noise throughout, especially between tracks. The jacket arrived with a crease. It's playable, but not the premium experience I was hoping for. Delivery was fine.",2025-12-31 02:58:04.264162+00
daa14e72-1f3f-4ca6-aa1f-233136d235a2,e9368dcf-6a85-4c63-9967-2af56d151dee,1305a889-18be-4ca1-a445-ecf38cd0bc71,4,"Enjoying this vinyl of Charles Mingus's Ah Um. The audio is generally fantastic, rich and warm. The record looks great, no visible scratches. The jacket had a very minor corner ding, but nothing major. Delivery was on time. A solid 4-star experience; a little more attention to jacket protection would make it a 5.",2025-12-31 02:58:04.264162+00
daa1d87f-5a03-4aef-b5a8-666947f0bc58,d70547a1-586c-4e08-b632-3702a4c63614,cfc1875b-4247-4680-9c2d-dfa51b4e787a,5,"Five stars aren't enough for this masterpiece! Dave Brubeck Quartet's Time Out sounds incredible on this vinyl. The mastering is superb, bringing out every nuance. The record itself is flawlessly pressed, no pops or crackles. Packaging was robust, protecting the gatefold sleeve beautifully. It arrived ahead of schedule, making the whole experience perfect. Couldn't be happier with this purchase!",2025-12-31 02:58:04.264162+00
dacfa530-1ecf-4a39-bc16-d90588e27af2,e9d3de16-4ead-4d18-93d1-2036e32c6bde,1305a889-18be-4ca1-a445-ecf38cd0bc71,5,"This is the definitive version of Ah Um by Charles Mingus. The soundstage is expansive, and instruments are beautifully separated. Zero surface noise on my copy. It arrived double-boxed and protected, with the jacket in mint condition. Truly a premium product and worth every penny. If you're looking for a top-tier pressing, this is it.",2025-12-31 02:58:04.264162+00
db110b90-dc65-4c34-84cd-b06e0c8c1b37,4babe54a-8b62-49ee-b619-00c093744ad4,0ecb05b7-2eef-4e90-ac8f-a8c4e47866b6,4,"Really happy with most of this purchase. Bill Evans Trio's Waltz for Debby sounds wonderful, and the pressing is mostly clean. I did find a couple of light scuffs on side B, but they didn't cause any skips. The jacket was in fine condition, and shipping was fast. A great album, just shy of perfect due to minor vinyl imperfections.",2025-12-31 02:58:04.264162+00
dcce27d6-0a73-48a5-9ab5-555820ed4a24,4babe54a-8b62-49ee-b619-00c093744ad4,c58ab2f6-e7db-4263-a3c9-10ed52d8c815,5,"Five stars aren't enough for this masterpiece! Art Blakey & The Jazz Messengers' Moanin' sounds incredible on this vinyl. The mastering is superb, bringing out every nuance. The record itself is flawlessly pressed, no pops or crackles. Packaging was robust, protecting the gatefold sleeve beautifully. It arrived ahead of schedule, making the whole experience perfect. Couldn't be happier with this purchase!",2025-12-31 02:58:04.264162+00
ddffb1a4-8fb7-4d95-8ab9-1d2e5af7d56d,ce618a6b-35db-4f53-a977-ea30224fea58,0ecb05b7-2eef-4e90-ac8f-a8c4e47866b6,3,"Three stars for Waltz for Debby by Bill Evans Trio. The album itself is a classic, but this vinyl version is pretty standard. Some surface noise, and the sound isn't as warm as I'd hoped. The packaging was basic, and the record was a little dusty. It plays, but it's not the immersive experience I seek from vinyl. Value for money is questionable.",2025-12-31 02:58:04.264162+00
deffd5f0-e67a-4450-b7af-0fea00b8f5f8,4babe54a-8b62-49ee-b619-00c093744ad4,c58ab2f6-e7db-4263-a3c9-10ed52d8c815,4,"Really happy with most of this purchase. Art Blakey & The Jazz Messengers' Moanin' sounds wonderful, and the pressing is mostly clean. I did find a couple of light scuffs on side B, but they didn't cause any skips. The jacket was in fine condition, and shipping was fast. A great album, just shy of perfect due to minor vinyl imperfections.",2025-12-31 02:58:04.264162+00
e090575a-b61f-4c7a-b61a-4eb217493ab4,aeb8127f-d03a-46d7-af63-62c1fef91893,6a5c3554-9eac-43af-8123-ab9e00c76b2a,5,"A perfect addition to my collection. This edition of A Love Supreme by John Coltrane delivers an exceptional listening experience. The depth and clarity of the sound are remarkable. The vinyl was spotless and played silently straight out of the sleeve. The jacket art is vibrant, and the inner sleeve is anti-static. Fast, secure delivery. Every aspect exceeded my expectations.",2025-12-31 02:58:04.264162+00
e2235545-84e4-45d1-b161-c4fd96d36ad5,e9368dcf-6a85-4c63-9967-2af56d151dee,cd472aa7-cc1d-4163-a661-3b32d749a0c8,5,"A perfect addition to my collection. This edition of Ella and Louis by Ella Fitzgerald & Louis Armstrong delivers an exceptional listening experience. The depth and clarity of the sound are remarkable. The vinyl was spotless and played silently straight out of the sleeve. The jacket art is vibrant, and the inner sleeve is anti-static. Fast, secure delivery. Every aspect exceeded my expectations.",2025-12-31 02:58:04.264162+00
e48875de-71d7-44a9-9f77-f98beca19c3b,d70547a1-586c-4e08-b632-3702a4c63614,cfc1875b-4247-4680-9c2d-dfa51b4e787a,2,"Absolutely terrible pressing of Dave Brubeck Quartet's Time Out. The sound is muffled and distorted, and there are deep scratches that cause skips on multiple tracks. The packaging was insufficient, and the record slipped out of the jacket during transit, causing further damage. This is a disgrace to a classic album. Immediate return.",2025-12-31 02:58:04.264162+00
e6183053-b271-43f9-ac10-c167a0c7d549,e9368dcf-6a85-4c63-9967-2af56d151dee,cd472aa7-cc1d-4163-a661-3b32d749a0c8,3,"Three stars for Ella and Louis by Ella Fitzgerald & Louis Armstrong. The album itself is a classic, but this vinyl version is pretty standard. Some surface noise, and the sound isn't as warm as I'd hoped. The packaging was basic, and the record was a little dusty. It plays, but it's not the immersive experience I seek from vinyl. Value for money is questionable.",2025-12-31 02:58:04.264162+00
ea360fab-bd1e-4506-97e6-123667c03a6b,aee27bf1-8f41-49ba-86bf-e205251fffab,d12cf78f-9259-4379-b323-a0714f39b511,5,"This is the definitive version of Brilliant Corners by Thelonious Monk. The soundstage is expansive, and instruments are beautifully separated. Zero surface noise on my copy. It arrived double-boxed and protected, with the jacket in mint condition. Truly a premium product and worth every penny. If you're looking for a top-tier pressing, this is it.",2025-12-31 02:58:04.264162+00
eb182f1e-ea31-4a61-baf5-48fa6e1d071e,d70547a1-586c-4e08-b632-3702a4c63614,1305a889-18be-4ca1-a445-ecf38cd0bc71,2,"What a letdown. I was so excited for Ah Um by Charles Mingus, but this vinyl is unlistenable. It's heavily dished, and the sound is plagued with non-fill defects and static. The cover art was faded, almost like a bad photocopy. This record should never have passed quality control. Completely unacceptable.",2025-12-31 02:58:04.264162+00
ecc1fe90-1655-450f-9580-db0d07a0d222,aeb8127f-d03a-46d7-af63-62c1fef91893,f91028df-0494-4092-9248-5194651be8bd,5,"Absolutely stunning! This pressing of Kind of Blue by Miles Davis is phenomenal. The sound quality is pristine, rich, and dynamic. The vinyl arrived perfectly flat and clean, housed in a sturdy, high-quality jacket. Shipping was incredibly fast and the album was very well-packaged to prevent any damage. A true audiophile's dream and a must-have for any jazz collection. Highly recommended!",2025-12-31 02:58:04.264162+00
ef26c2ee-1555-4f96-9f17-1cf8626fd3da,d70547a1-586c-4e08-b632-3702a4c63614,cfc1875b-4247-4680-9c2d-dfa51b4e787a,5,"A perfect addition to my collection. This edition of Time Out by Dave Brubeck Quartet delivers an exceptional listening experience. The depth and clarity of the sound are remarkable. The vinyl was spotless and played silently straight out of the sleeve. The jacket art is vibrant, and the inner sleeve is anti-static. Fast, secure delivery. Every aspect exceeded my expectations.",2025-12-31 02:58:04.264162+00
f23477d7-7c28-4b3c-b97e-3b242a65bfb0,4870ae2e-1065-4982-b116-a727898987e6,1de8844d-d27c-4ca7-a3de-10173bd70174,2,Barely two stars for Saxophone Colossus by Sonny Rollins. The vinyl itself feels cheap and thin. It arrived with a significant warp and numerous scuffs that cause constant noise. The jacket was creased and the inner sleeve was torn. This is not the quality I expect from a premium jazz vinyl store. Very poor quality control.,2025-12-31 02:58:04.264162+00
f3b636ea-e5bc-4870-80a1-42a6a7fb87e4,00c4c355-ed1a-43fb-8ae3-2052e5f95418,1de8844d-d27c-4ca7-a3de-10173bd70174,5,"Absolutely stunning! This pressing of Saxophone Colossus by Sonny Rollins is phenomenal. The sound quality is pristine, rich, and dynamic. The vinyl arrived perfectly flat and clean, housed in a sturdy, high-quality jacket. Shipping was incredibly fast and the album was very well-packaged to prevent any damage. A true audiophile's dream and a must-have for any jazz collection. Highly recommended!",2025-12-31 02:58:04.264162+00
f478661a-c921-4b77-96f2-368497240077,e9368dcf-6a85-4c63-9967-2af56d151dee,cd472aa7-cc1d-4163-a661-3b32d749a0c8,5,"Absolutely stunning! This pressing of Ella and Louis by Ella Fitzgerald & Louis Armstrong is phenomenal. The sound quality is pristine, rich, and dynamic. The vinyl arrived perfectly flat and clean, housed in a sturdy, high-quality jacket. Shipping was incredibly fast and the album was very well-packaged to prevent any damage. A true audiophile's dream and a must-have for any jazz collection. Highly recommended!",2025-12-31 02:58:04.264162+00
f864aa82-c4bb-40d2-adc8-ffb4de3f982b,ce618a6b-35db-4f53-a977-ea30224fea58,0ecb05b7-2eef-4e90-ac8f-a8c4e47866b6,5,"Five stars aren't enough for this masterpiece! Bill Evans Trio's Waltz for Debby sounds incredible on this vinyl. The mastering is superb, bringing out every nuance. The record itself is flawlessly pressed, no pops or crackles. Packaging was robust, protecting the gatefold sleeve beautifully. It arrived ahead of schedule, making the whole experience perfect. Couldn't be happier with this purchase!",2025-12-31 02:58:04.264162+00
fb36cbee-ac57-4973-af05-577fb1a945f7,4babe54a-8b62-49ee-b619-00c093744ad4,c58ab2f6-e7db-4263-a3c9-10ed52d8c815,4,"Great album, Moanin' by Art Blakey & The Jazz Messengers, and a very good pressing overall. The sound quality is mostly excellent, though I noticed a tiny bit of surface noise on one track. The vinyl itself is flat and the packaging was sturdy. It arrived quickly and in good shape. Almost perfect, just a minor quibble with the occasional crackle. Still, a strong recommend.",2025-12-31 02:58:04.264162+00
fca46b17-6700-4d3c-9d5d-2e2322d62739,e9368dcf-6a85-4c63-9967-2af56d151dee,cd472aa7-cc1d-4163-a661-3b32d749a0c8,5,"This is the definitive version of Ella and Louis by Ella Fitzgerald & Louis Armstrong. The soundstage is expansive, and instruments are beautifully separated. Zero surface noise on my copy. It arrived double-boxed and protected, with the jacket in mint condition. Truly a premium product and worth every penny. If you're looking for a top-tier pressing, this is it.",2025-12-31 02:58:04.264162+00
fe5fa718-4cdd-4466-b02e-ebd99cf10caa,aeb8127f-d03a-46d7-af63-62c1fef91893,6a5c3554-9eac-43af-8123-ab9e00c76b2a,5,"This is the definitive version of A Love Supreme by John Coltrane. The soundstage is expansive, and instruments are beautifully separated. Zero surface noise on my copy. It arrived double-boxed and protected, with the jacket in mint condition. Truly a premium product and worth every penny. If you're looking for a top-tier pressing, this is it.",2025-12-31 02:58:04.264162+00
ff2950d4-d733-4ab0-90ad-7184b7f9db01,ce618a6b-35db-4f53-a977-ea30224fea58,0ecb05b7-2eef-4e90-ac8f-a8c4e47866b6,5,"This is the definitive version of Waltz for Debby by Bill Evans Trio. The soundstage is expansive, and instruments are beautifully separated. Zero surface noise on my copy. It arrived double-boxed and protected, with the jacket in mint condition. Truly a premium product and worth every penny. If you're looking for a top-tier pressing, this is it.",2025-12-31 02:58:04.264162+00